name,file,line_start,line_end
web3Debug,index-DHlB7G7_.js,658,658
updateKeyStatus,index-DHlB7G7_.js,1779,1779
web3AddAAAddress,index-DHlB7G7_.js,2180,2180
web3AddSolAddress,index-DHlB7G7_.js,2180,2180
web3Remove,index-DHlB7G7_.js,2180,2180
web3DoReLogin,index-DHlB7G7_.js,2180,2180
generateKeys,index-DHlB7G7_.js,3601,3601
checkOldProInfo,index-DHlB7G7_.js,3622,3622
notificationGetArchiveV2,index-DHlB7G7_.js,3639,3639
fcmUpdateSubscriptions,index-DHlB7G7_.js,3748,3748
notifUpdateToken,index-DHlB7G7_.js,3761,3761
notifUpdateSubscriptions,index-DHlB7G7_.js,3766,3766
tvStorageRemoveChart,index-DHlB7G7_.js,3779,3779
tvStorageSaveSingleChart,index-DHlB7G7_.js,3784,3784
tvStorageSaveDefaultX,index-DHlB7G7_.js,3789,3789
updateCheckConnection,index-DHlB7G7_.js,3796,3796
stripeV2,index-DHlB7G7_.js,3924,3924
refCreateLink,index-DHlB7G7_.js,4128,4128
refDoWithdraw,index-DHlB7G7_.js,4138,4138
refSignUp,index-DHlB7G7_.js,4386,4386
addTokenScam,index-DHlB7G7_.js,4532,4532
customTokenV2,index-DHlB7G7_.js,4725,4725
oauthGetUrl,index-DHlB7G7_.js,7112,7112
decodeDYDXQRCode,index-DHlB7G7_.js,10319,10319
telegramGetIntegrationLink,index-DHlB7G7_.js,10401,10401
telegramDisconnect,index-DHlB7G7_.js,10410,10410
setOrderPreset,index-DHlB7G7_.js,10930,10930
getOrderPreset,index-DHlB7G7_.js,10939,10939
resetPasswordReturnFromEmail,index-DHlB7G7_.js,11527,11527
banxaRequest,index-DHlB7G7_.js,12403,12403
sendWelcomeEmailHttps,index-DHlB7G7_.js,12697,12697
refClick,index-DHlB7G7_.js,12798,12798
