direction,event,file,line_start,line_end
server_to_client,pong,index-DHlB7G7_.js,1735,1735
server_to_client,hello,index-DHlB7G7_.js,1736,1745
server_to_client,user-login,index-DHlB7G7_.js,1746,1748
server_to_client,assets,index-DHlB7G7_.js,1749,1749
server_to_client,asset-price,index-DHlB7G7_.js,1750,1750
server_to_client,asset-sparkline,index-DHlB7G7_.js,1751,1751
server_to_client,exchanges,index-DHlB7G7_.js,1752,1752
server_to_client,fiat-rates,index-DHlB7G7_.js,1753,1753
server_to_client,market-price,index-DHlB7G7_.js,1754,1754
server_to_client,market-sparkline,index-DHlB7G7_.js,1755,1755
server_to_client,symbology,index-DHlB7G7_.js,1756,1756
server_to_client,limits,index-DHlB7G7_.js,1757,1762
server_to_client,user-key-set,index-DHlB7G7_.js,1763,1763
server_to_client,user-keys-status,index-DHlB7G7_.js,1764,1781
server_to_client,balances-import,index-DHlB7G7_.js,1782,1789
server_to_client,order-status,index-DHlB7G7_.js,1790,1814
server_to_client,orders-short,index-DHlB7G7_.js,1815,1823
server_to_client,orders-history,index-DHlB7G7_.js,1824,1840
server_to_client,positions,index-DHlB7G7_.js,1841,1843
server_to_client,position-status,index-DHlB7G7_.js,1844,1851
server_to_client,balances,index-DHlB7G7_.js,1852,1854
server_to_client,balances-all-history,index-DHlB7G7_.js,1855,1857
server_to_client,balances-history,index-DHlB7G7_.js,1858,1860
server_to_client,balances-asset-history,index-DHlB7G7_.js,1861,1863
server_to_client,balances-exchange-history,index-DHlB7G7_.js,1864,1866
server_to_client,balances-all-changes,index-DHlB7G7_.js,1867,1869
server_to_client,user-alerts-list,index-DHlB7G7_.js,1870,1876
server_to_client,user-alerts-set,index-DHlB7G7_.js,1877,1886
server_to_client,user-alerts-enable,index-DHlB7G7_.js,1887,1898
server_to_client,user-alerts-persist,index-DHlB7G7_.js,1899,1908
server_to_client,user-alerts-del,index-DHlB7G7_.js,1909,1916
server_to_client,user-alerts-state,index-DHlB7G7_.js,1917,1926
server_to_client,portfolio-config-set,index-DHlB7G7_.js,1927,1927
server_to_client,portfolio-config-get,index-DHlB7G7_.js,1928,1934
server_to_client,nonce,index-DHlB7G7_.js,1935,1937
server_to_client,stats,index-DHlB7G7_.js,1938,1947
server_to_client,maintenance,index-DHlB7G7_.js,1948,1950
server_to_client,user-accounts-list,index-DHlB7G7_.js,1951,1957
server_to_client,user-accounts-set,index-DHlB7G7_.js,1958,1974
server_to_client,user-params-get,index-DHlB7G7_.js,1975,1977
server_to_client,user-params-set,index-DHlB7G7_.js,1978,1978
server_to_client,x-route,index-DHlB7G7_.js,1979,1979
server_to_client,x-quote,index-DHlB7G7_.js,1980,1985
server_to_client,user-accounts-rename,index-DHlB7G7_.js,1986,1993
server_to_client,user-accounts-del,index-DHlB7G7_.js,1994,2001
server_to_client,user-wallets-list,index-DHlB7G7_.js,2002,2008
server_to_client,user-wallets-set,index-DHlB7G7_.js,2009,2019
server_to_client,user-wallets-rename,index-DHlB7G7_.js,2020,2027
server_to_client,user-wallets-del,index-DHlB7G7_.js,2028,2034
server_to_client,user-transaction,index-DHlB7G7_.js,2035,2045
server_to_client,user-transactions-list,index-DHlB7G7_.js,2046,2055
server_to_client,webhook-create,index-DHlB7G7_.js,2056,2058
server_to_client,user-transactions-changed,index-DHlB7G7_.js,2059,2061
server_to_client,user-orders-changed,index-DHlB7G7_.js,2062,2064
server_to_client,asset-price-comparison,index-DHlB7G7_.js,2065,2065
server_to_client,strategy-status,index-DHlB7G7_.js,2066,2082
server_to_client,strategy-list,index-DHlB7G7_.js,2083,2097
