path,file,line,column
/,index-DHlB7G7_.js,157,343136
/welcome,index-DHlB7G7_.js,157,343211
/maintenance,index-DHlB7G7_.js,157,343281
/prices,index-DHlB7G7_.js,157,343368
/prices/all/:search?,index-DHlB7G7_.js,157,343483
/prices/watchlist/:search?,index-DHlB7G7_.js,157,343647
/prices/asset/:symbol,index-DHlB7G7_.js,157,343768
/portfolio,index-DHlB7G7_.js,157,343884
/portfolio/exchanges,index-DHlB7G7_.js,157,343983
/portfolio/exchanges/:exchange/:account?,index-DHlB7G7_.js,157,344120
/portfolio/assets,index-DHlB7G7_.js,157,344424
/portfolio/asset,index-DHlB7G7_.js,157,344552
/portfolio/asset/:exchange/:account?,index-DHlB7G7_.js,157,344791
/trade/order/:tag/info,index-DHlB7G7_.js,157,345190
"/trade/orders/:exchange([A-Z0-9]{3,4})?/:account([0-9]+)?/:type?_:external?",index-DHlB7G7_.js,157,345461
"/trade/history/:exchange([A-Z0-9]{3,4})?/:account([0-9]+)?/:type?_:external?",index-DHlB7G7_.js,157,345802
"/trade/algos/:exchange([A-Z0-9]{3,4})?/:account([0-9]+)?/:type?",index-DHlB7G7_.js,157,346170
"/trade/positions/:exchange([A-Z0-9]{3,4})?/:account([0-9]+)?",index-DHlB7G7_.js,157,346526
"/trade/positions/:exchange([A-Z0-9]{3,4})/:id/info",index-DHlB7G7_.js,157,346773
/transactions/:account/:id,index-DHlB7G7_.js,157,347062
/algo/:type?,index-DHlB7G7_.js,157,347285
"/trade/:exchange([A-Z0-9]{3,4})?:account([0-9]+)?/:pair?/:side(buy|sell|algo)?",index-DHlB7G7_.js,157,347570
/settings,index-DHlB7G7_.js,157,348140
/settings/trade,index-DHlB7G7_.js,157,348306
/ref,index-DHlB7G7_.js,157,348501
/settings/language,index-DHlB7G7_.js,157,349403
/settings/button,index-DHlB7G7_.js,157,349601
/settings/currency,index-DHlB7G7_.js,157,349791
/settings/alerts/summary,index-DHlB7G7_.js,157,349993
/settings/alerts/portfolio-summary,index-DHlB7G7_.js,157,350220
/settings/alerts/price/:target,index-DHlB7G7_.js,157,350479
/settings/alerts/new,index-DHlB7G7_.js,157,350724
/settings/alerts/alert-listings,index-DHlB7G7_.js,157,350945
/settings/alerts/asset/:asset,index-DHlB7G7_.js,157,351182
/settings/server,index-DHlB7G7_.js,157,351425
/test/:mode?,index-DHlB7G7_.js,157,351615
/settings/exchanges,index-DHlB7G7_.js,157,351793
/settings/exchanges/:exchange/:account([0-9]+)?,index-DHlB7G7_.js,157,351918
/settings/wallets,index-DHlB7G7_.js,157,352523
/settings/wallets/:blockchain,index-DHlB7G7_.js,157,352633
/settings/wallets/:blockchain/0:wallet?,index-DHlB7G7_.js,157,352851
/settings/alerts,index-DHlB7G7_.js,157,353083
/settings/data,index-DHlB7G7_.js,157,353220
/about/changelog,index-DHlB7G7_.js,157,353409
/feature-request,index-DHlB7G7_.js,157,353599
/stats,index-DHlB7G7_.js,157,353789
/pro/:feature?,index-DHlB7G7_.js,157,353883
/auth/login/:msg?,index-DHlB7G7_.js,157,354182
"/auth/link/:exchange([A-Z0-9]{3,4})",index-DHlB7G7_.js,157,354377
/auth/main/:mode?,index-DHlB7G7_.js,157,354672
/auth/signup,index-DHlB7G7_.js,157,354865
/auth/forgot-password,index-DHlB7G7_.js,157,355058
/auth/password-change,index-DHlB7G7_.js,157,355260
/privacy,index-DHlB7G7_.js,157,355482
/terms,index-DHlB7G7_.js,157,355650
/verify,index-DHlB7G7_.js,157,355818
/verify-email/:status?,index-DHlB7G7_.js,157,355878
/auth/totp,index-DHlB7G7_.js,157,356021
/auth/new-device,index-DHlB7G7_.js,157,356212
/auth/send-verify,index-DHlB7G7_.js,157,356426
/settings/mfa,index-DHlB7G7_.js,157,356638
/alerts/archive,index-DHlB7G7_.js,157,356817
/settings/brave,index-DHlB7G7_.js,157,357016
/x,index-DHlB7G7_.js,157,357067
/x/gems,index-DHlB7G7_.js,157,357190
/x/pro,index-DHlB7G7_.js,157,357280
*,index-DHlB7G7_.js,157,357383
