id,symbol,style,file,line_start,line_end,member_count
currencies,cn,setup,index-DHlB7G7_.js,15,15,5
logger,xi,setup,index-DHlB7G7_.js,658,658,5
xRpc,Hn,setup,index-DHlB7G7_.js,658,678,1
xConfig,ua,setup,index-DHlB7G7_.js,680,680,5
webhook,Mw,options,index-DHlB7G7_.js,988,988,0
xTransactions,dn,setup,index-DHlB7G7_.js,992,999,10
xStrategies,an,setup,index-DHlB7G7_.js,999,1006,9
nonce,na,setup,index-DHlB7G7_.js,1006,1006,2
userBackendParams,gc,setup,index-DHlB7G7_.js,1008,1010,4
settings,Di,setup,index-DHlB7G7_.js,1218,1218,10
prints,H0,options,index-DHlB7G7_.js,1491,1512,0
xAssets,Rt,setup,index-DHlB7G7_.js,1615,1665,19
portfolio,br,setup,index-DHlB7G7_.js,1696,1696,18
xUser,jt,options,index-DHlB7G7_.js,2175,2180,0
xAccounts,fr,setup,index-DHlB7G7_.js,2180,2244,17
xZeroDev,Du,setup,index-DHlB7G7_.js,2244,2272,3
web3Auth,Ke,setup,index-DHlB7G7_.js,2518,2692,39
config,Ri,setup,index-DHlB7G7_.js,2707,2712,25
xAssetShortcuts,sn,setup,index-DHlB7G7_.js,3564,3574,4
userSettingsState,Qi,options,index-DHlB7G7_.js,3579,3595,0
mfa,en,options,index-DHlB7G7_.js,3595,3600,0
doRefreshToken,Nl,options,index-DHlB7G7_.js,3600,3601,0
keys,Nd,options,index-DHlB7G7_.js,3601,3601,0
proInfoMock,il,setup,index-DHlB7G7_.js,3601,3611,22
proInfo,Qr,setup,index-DHlB7G7_.js,3611,3626,45
pushArchive,Ap,options,index-DHlB7G7_.js,3628,3662,0
notification,Xi,setup,index-DHlB7G7_.js,3662,3669,8
pushSubscriptions,aa,setup,index-DHlB7G7_.js,3756,3778,13
tvTemplates,ca,setup,index-DHlB7G7_.js,3778,3793,10
stripe,rl,options,index-DHlB7G7_.js,3796,3796,0
userStripe,Ql,options,index-DHlB7G7_.js,3796,3796,0
tradeVolumes,Zl,setup,index-DHlB7G7_.js,3796,3796,5
doCheckFbConnection,Rg,options,index-DHlB7G7_.js,3796,3796,0
offeringsMock,Jl,setup,index-DHlB7G7_.js,3871,3871,5
permissions,ii,setup,index-DHlB7G7_.js,3871,3879,20
offerings,ga,setup,index-DHlB7G7_.js,3904,4031,21
purchase,zv,setup,index-DHlB7G7_.js,4031,4037,3
referrals,Hu,setup,index-DHlB7G7_.js,4103,4145,23
tokensMining,Ko,setup,index-DHlB7G7_.js,4172,4172,8
appkit,xa,setup,index-DHlB7G7_.js,4174,4209,8
hyperliquid,dr,setup,index-DHlB7G7_.js,4217,4380,48
referralInfo,Gd,setup,index-DHlB7G7_.js,4380,4401,9
walletConnect,Yo,setup,index-DHlB7G7_.js,4403,4471,8
notificationsAdmin,no,setup,index-DHlB7G7_.js,4499,4531,7
tokensScam,on,setup,index-DHlB7G7_.js,4531,4536,7
xGems,Ps,setup,index-DHlB7G7_.js,4536,4563,17
xWithdraw,tc,setup,index-DHlB7G7_.js,4563,4660,6
xNFTs,oo,setup,index-DHlB7G7_.js,4665,4671,7
user,Pe,options,index-DHlB7G7_.js,4686,4808,0
pageTitle,pn,setup,index-DHlB7G7_.js,6963,6963,5
xLastPrice,Ga,setup,index-DHlB7G7_.js,10449,10449,6
xFormTemplates,l_,setup,index-DHlB7G7_.js,10513,10516,4
xBalances,hn,setup,index-DHlB7G7_.js,10521,10522,5
orderPresets,h_,setup,index-DHlB7G7_.js,10929,10947,6
time,XV,setup,index-DHlB7G7_.js,11490,11490,2
banxa,Af,options,index-DHlB7G7_.js,12392,12460,0
xNotifications,P_,setup,index-DHlB7G7_.js,12479,12479,3
tooltip,I_,setup,index-DHlB7G7_.js,12601,12602,5
loginTools,Dee,setup,index-DHlB7G7_.js,12685,12702,7
